timestamp,latitude,longitude,altitude,speed,acceleration,bearing
2023-11-29 09:13:57,12.899542557,77.46545922,682.0232,,,
2023-11-29 09:13:58,12.89954047,77.465460992,681.0908,0.3012349416359565,,140.38755852733868
2023-11-29 09:13:59,12.89954602,77.465459857,681.2271,0.6292741218233064,0.32803918018734995,348.7262445984278
2023-11-29 09:14:00,12.899544735,77.465459619,681.87,0.14519545640440762,-0.4840786654188988,190.23392600417017
2023-11-29 09:14:01,12.899557675,77.465455858,685.0214,1.495494328981406,1.3502988725769984,344.18183077422765
2023-11-29 09:14:02,12.899557367,77.465457702,685.5263,0.20278176387194952,-1.2927125651094564,99.72335201866258
2023-11-29 09:14:03,12.899560737,77.465456468,685.6852,0.39788158269084134,0.19509981881889182,340.3569428006585
2023-11-29 09:14:04,12.899566955,77.465456063,688.3193,0.6928021693274731,0.29492058663663173,356.3671840707202
2023-11-29 09:14:05,12.899562949,77.46545836,686.5392,0.5103022541369708,-0.18249991519050224,150.79833639098547
2023-11-29 09:14:06,12.899559289,77.465455495,687.3926,0.5119164853096339,0.0016142311726630165,217.344776880202
2023-11-29 09:14:07,12.8995616,77.465455228,686.1703,0.2585959204582387,-0.25332056485139515,353.5745001954012
2023-11-29 09:14:08,12.899538763,77.465460731,681.2106,2.608468877621503,2.349872957163264,166.78156948782964
2023-11-29 09:14:09,12.899560214,77.465458227,686.018,2.4006336666929284,-0.20783521092857438,353.50850749808444
2023-11-29 09:14:10,12.899557013,77.465458727,686.8596,0.36003711310393105,-2.0405965535889976,171.34268648619673
2023-11-29 09:14:11,12.8995383,77.465463415,680.4276,2.1419341775203593,1.7818970644164283,166.2770225666328
2023-11-29 09:14:12,12.89955201,77.465457219,684.0262,1.665851594807654,-0.4760825827127053,336.22519220417183
2023-11-29 09:14:13,12.89953682,77.465465032,680.8095,1.8894529774112532,0.22360138260359919,153.37214768785486
2023-11-29 09:14:14,12.899540925,77.465462938,681.7672,0.509769420236653,-1.3796835571746002,333.56178241018307
2023-11-29 09:14:15,12.899578754,77.465455344,690.9395,4.2861685435085874,3.7763991232719345,348.92830532370147
2023-11-29 09:14:16,12.899585419,77.465458392,692.1781,0.8114146370521655,-3.4747539064564217,24.02602218145421
2023-11-29 09:14:17,12.89958199,77.46545643,693.1273,0.43658190501848637,-0.3748327320336792,209.15008220150906
2023-11-29 09:14:18,12.899542389,77.46546516,681.2901,4.503948899824157,4.0673669948056705,167.87239031239437
2023-11-29 09:14:20,12.899585375,77.465458904,693.5312,2.413841343957694,-1.0450537779332314,351.92573526764
2023-11-29 09:14:21,12.899541749,77.465461175,682.9545,4.857230989761348,2.443389645803654,177.09516763365752
2023-11-29 09:14:22,12.899582975,77.465459295,691.1594,4.588648759982984,-0.26858222977836377,357.45479693527903
2023-11-29 09:14:23,12.899579432,77.465457586,691.6002,0.4353387284081012,-4.1533100315748825,205.18226183603707
2023-11-29 09:14:24,12.89954167,77.465462572,681.2804,4.233577810290829,3.7982390818827274,172.666049882567
2023-11-29 09:14:25,12.899578388,77.465456863,690.6698,4.129480582129528,-0.10409722816130085,351.38192993937656
2023-11-29 09:14:26,12.899573564,77.465457297,690.6425,0.538463023251538,-3.5910175588779896,174.98819237262614
2023-11-29 09:14:27,12.899542199,77.465462871,682.1082,3.539570981670338,3.0011079584187996,170.17223739249516
2023-11-29 09:14:28,12.89957146,77.465458214,689.2878,3.292595970073928,-0.24697501159641,351.18158861921836
2023-11-29 09:14:29,12.899568449,77.465458279,688.7973,0.334882041706534,-2.9577139283673937,178.79451951389615
2023-11-29 09:14:30,12.899569936,77.465455899,688.6611,0.3064075089728773,-0.028474532733656743,302.658493353795
2023-11-29 09:14:31,12.899570151,77.465455561,687.7535,0.043745755462828155,-0.2626617535100491,303.12699943174476
2023-11-29 09:14:32,12.899543458,77.465461729,680.9703,3.0424859361408987,2.9987401806780705,167.30651508079882
2023-11-29 09:14:33,12.899564892,77.465460685,686.6186,2.386036822412774,-0.6564491137281245,357.28172819022086
2023-11-29 09:14:34,12.899567449,77.465459647,686.5944,0.3057758597935236,-2.0802609626192505,338.4113145583948
2023-11-29 09:14:35,12.899559905,77.465457354,686.4144,0.8748981048753175,0.5691222450817939,196.503468404994
2023-11-29 09:14:36,12.899542149,77.465461978,681.636,2.0369967446207773,1.1620986397454598,165.7565039210357
2023-11-29 09:14:37,12.899545855,77.465460426,681.5167,0.4451006246072108,-1.5918961200135664,337.79414874869263
2023-11-29 09:14:38,12.899567471,77.465455499,686.9,2.4622006108698344,2.0170999862626235,347.4734627079236
2023-11-29 09:14:39,12.89954902,77.465460611,681.768,2.1251604243677797,-0.3370401865020547,164.8868990492865
2023-11-29 09:14:40,12.899546693,77.465458402,682.6201,0.35253212029830777,-1.772628304069472,222.7791255599122
2023-11-29 09:14:41,12.899546711,77.465459445,681.806,0.11306712622003404,-0.23946499407827374,88.9856999115566
2023-11-29 09:14:42,12.899573381,77.46545369,688.6219,3.030461237291822,2.917394111071788,348.1215800011082
2023-11-29 09:14:43,12.899540008,77.465455999,680.9567,3.7193379961835937,0.6888767588917717,176.14172484127062
2023-11-29 09:14:44,12.89957423,77.465454619,689.1647,3.808251363621287,0.0889133674376934,357.749019246309
2023-11-29 09:14:45,12.899542091,77.465458442,681.1415,3.5976366504435884,-0.21061471317769875,173.38608566960556
2023-11-29 09:14:46,12.899577453,77.465454831,690.0917,3.9515061844935913,0.3538695340500029,354.3156072292195
2023-11-29 09:14:47,12.899576989,77.465455073,690.1864,0.057879209995422475,-3.8936269744981686,153.05170616631972
2023-11-29 09:14:48,12.899576,77.465455068,690.3497,0.10997311781324248,0.05209390781782001,180.28235282770174
2023-11-29 09:14:49,12.899544857,77.465458235,680.4813,3.479915315074924,3.3699421972616816,174.3390040432978
2023-11-29 09:14:50,12.899578307,77.465455227,687.3634,3.7337323039277717,0.25381698885284765,354.99049650194144
2023-11-29 09:14:51,12.899549249,77.465461787,681.5165,3.3084111984114437,-0.42532110551632796,167.58941252849684
2023-11-29 09:14:52,12.899545744,77.46545857,682.7811,0.5229513432757125,-2.7854598551357315,221.81798944881382
2023-11-29 09:14:53,12.899540377,77.46545788,681.4668,0.6014511023183154,0.07849975904260298,187.14300529011757
2023-11-29 09:14:54,12.89954871,77.465464821,682.1273,1.1935486561780726,0.5920975538597572,39.07425136293489
2023-11-29 09:14:55,12.899542473,77.465461748,679.8702,0.769360174613438,-0.4241884815646346,205.6535973123009
2023-11-29 09:14:56,12.899540931,77.465463534,680.3939,0.2585990894253582,-0.5107610851880797,131.5324413015387
2023-11-29 09:14:57,12.899543076,77.465462692,679.8508,0.255377160406901,-0.0032219290184571925,339.06143872018635
2023-11-29 09:14:58,12.899544766,77.465462161,680.0846,0.1965355422735531,-0.0588416181333479,342.97165718493045
2023-11-29 09:14:59,12.899542166,77.465464853,680.0912,0.410755036644489,0.21421949437093588,134.7360983895316
2023-11-29 09:15:00,12.899545517,77.465466935,681.2738,0.43562157211927405,0.024866535474785068,31.200234515422096
2023-11-29 09:15:01,12.89954408,77.465464623,681.2635,0.2972029727114441,-0.13841859940782997,237.4771234812593
2023-11-29 09:15:02,12.899544459,77.465462356,681.0105,0.24930493899973044,-0.04789803371171364,279.7320938997643
2023-11-29 09:15:07,12.899543554,77.465464247,680.9374,0.04566684676154138,-0.040727618447637816,116.14981349124702
2023-11-29 09:15:08,12.899543486,77.465467244,681.2055,0.3249289141820653,0.27926206742052395,91.33342084428494
2023-11-29 09:15:10,12.899535633,77.465464978,681.1383,0.45354877011335826,0.06430992796564647,195.70969740505964
2023-11-29 09:15:11,12.899533548,77.465463892,680.8728,0.2600117678177787,-0.19353700229557957,206.91773812508802
2023-11-29 09:15:12,12.899540918,77.465467646,681.8833,0.9149598427836887,0.65494807496591,26.404742866570984
2023-11-29 09:15:13,12.899544464,77.465465439,681.4059,0.46118711840424825,-0.45377272437944044,328.75547703368034
2023-11-29 09:15:14,12.899583396,77.465458183,691.531,4.399900839907631,3.9387137215033827,349.7032261552853
2023-11-29 09:15:15,12.899535384,77.465461445,679.5479,5.350385695361238,0.950484855453607,176.21102186634607
2023-11-29 09:15:16,12.899543371,77.465463344,681.1856,0.9116536121140145,-4.438732083247223,13.048554579295683
2023-11-29 09:15:17,12.899543918,77.465462696,680.8012,0.09291174066254128,-0.8187418714514733,310.89226307374173
2023-11-29 09:15:18,12.899580039,77.465458128,690.481,4.046874131867579,3.9539623912050375,352.972474619428
2023-11-29 09:15:19,12.899573793,77.465458992,690.1126,0.7008086921659212,-3.3460654397016576,172.3206956025839
2023-11-29 09:15:20,12.899535275,77.465459043,681.1446,4.283009751734673,3.5822010595687512,179.92605175314657
2023-11-29 09:15:21,12.89957221,77.465457025,689.1152,4.112804972057199,-0.17020477967747372,356.95144132225823
2023-11-29 09:15:22,12.899544369,77.465461069,680.7561,3.1266545930454694,-0.9861503790117294,171.94119277080483
2023-11-29 09:15:23,12.899571194,77.465455656,688.0038,3.0399581261298017,-0.08669646691566779,348.872163384738
2023-11-29 09:15:24,12.899537235,77.465461922,678.7794,3.836659555702212,0.7967014295724102,169.80379742330024
2023-11-29 09:15:25,12.899568107,77.465456816,687.3203,3.477135411829566,-0.35952414387264575,350.84166069134176
2023-11-29 09:15:26,12.89954129,77.465459476,680.3507,2.9958201040525716,-0.4813153077769945,174.47737917407744
2023-11-29 09:15:27,12.899562039,77.465454505,686.1213,2.3692618063739803,-0.6265582976785913,346.85520693881
2023-11-29 09:15:28,12.899563574,77.465457414,685.7493,0.35853715385189133,-2.010724652522089,61.57178966863671
2023-11-29 09:15:29,12.899537603,77.465460504,679.7961,2.907200002282858,2.5486628484309666,173.38460812753658
2023-11-29 09:15:30,12.899565691,77.465458017,685.464,3.134854302458643,0.22765430017578492,355.0671072383384
2023-11-29 09:15:31,12.899534803,77.465463751,678.2783,3.490367327780505,0.35551302532186213,169.7431191836265
2023-11-29 09:15:32,12.899574607,77.465456807,686.9138,4.489541732466696,0.9991744046861912,350.34905422299744
2023-11-29 09:15:33,12.899593747,77.465453249,690.1746,2.1629286984880727,-2.3266130339786235,349.72933307276236
2023-11-29 09:15:34,12.899599328,77.465451411,692.0712,0.6517715225677696,-1.511157175920303,342.20231860409984
2023-11-29 09:15:35,12.899595374,77.465452612,690.8208,0.45853087307391305,-0.19324064949385655,163.50716823844812
2023-11-29 09:15:36,12.899580092,77.46545802,687.8714,1.7975388775781582,1.3390080045042452,160.96815424664567
2023-11-29 09:15:37,12.89956179,77.465455389,684.9459,2.054972446408633,0.25743356883047475,187.97673726202115
2023-11-29 09:15:38,12.899560285,77.465459706,683.4844,0.4969395960304825,-1.5580328503781504,109.6794736169054
2023-11-29 09:15:39,12.899553718,77.465464361,683.1739,0.8875736835057841,0.39063408747530165,145.35715397172066
2023-11-29 09:15:40,12.899559828,77.465460064,683.6407,0.823714301969452,-0.0638593815363322,325.56839793195445
2023-11-29 09:15:41,12.899551695,77.465457281,683.0299,0.9533289376245536,0.12961463565510167,198.4461405551373
2023-11-29 09:15:42,12.899554345,77.465462882,682.3327,0.6748189841353543,-0.27850995348919927,64.10902074800362
2023-11-29 09:15:43,12.899555184,77.465460494,682.0233,0.2751319774407619,-0.39968700669459245,289.82100829576297
2023-11-29 09:15:44,12.899555199,77.465460399,683.346,0.01043113894260569,-0.26470083849815623,279.20100722856785
2023-11-29 09:15:45,12.899556012,77.465460002,682.3692,0.10012009951325147,0.08968896057064578,334.5459611629628
2023-11-29 09:15:46,12.899559002,77.465458302,682.9511,0.38011868715756514,0.2799985876443137,331.00420888550644
2023-11-29 09:15:47,12.89956,77.465456175,685.1456,0.25586101884115525,-0.12425766831640989,295.7039967911947
2023-11-29 09:15:48,12.8995539,77.465454226,684.3884,0.7104241090552954,0.45456309021414015,197.29892565997682
2023-11-29 09:15:49,12.899555966,77.465452411,684.3886,0.3024503220784019,-0.4079737869768935,319.4252934492699
2023-11-29 09:15:50,12.899549132,77.465453407,683.6404,0.7675360812963937,0.46508575921799183,171.9144496050742
2023-11-29 09:15:51,12.899545909,77.465454801,682.8687,0.38892990190064397,-0.37860617939574975,157.13966987040624
2023-11-29 09:15:52,12.899549033,77.465456125,682.7947,0.3758485339401414,-0.013081367960502577,22.446487117711968
2023-11-29 09:15:53,12.899548539,77.465453439,682.1831,0.29626879506537834,-0.07957973887476305,259.3151409060362
2023-11-29 09:15:54,12.899545698,77.465456851,682.2415,0.4863787778637099,0.19010998279833158,130.50418848522463
2023-11-29 09:15:55,12.899543118,77.465459005,682.034,0.3698779483181346,-0.11650082954557534,140.8608300563161
2023-11-29 09:15:56,12.899545815,77.465453863,681.8688,0.6328961898619945,0.2630182415438599,298.28397192835905
2023-11-29 09:15:57,12.899543682,77.465456361,681.4219,0.3599472514331331,-0.27294893842886137,131.21805177010862
2023-11-29 09:15:58,12.899544519,77.465459528,681.8726,0.3556603567502488,-0.00428689468288429,74.83007002213873
2023-11-29 09:15:59,12.899552862,77.465454211,682.6932,1.0921312803250123,0.7364709235747635,328.15074167111567
2023-11-29 09:16:00,12.899544253,77.465457752,681.7537,1.0313511943228408,-0.06078008600217144,158.15250168434068
2023-11-29 09:16:01,12.899549542,77.465457703,682.0059,0.5881339478500203,-0.44321724647282057,359.48259285640967
2023-11-29 09:16:02,12.89954605,77.465456591,680.3949,0.4065688899641912,-0.18156505788582905,197.24463624403262
2023-11-29 09:16:03,12.899549548,77.465457493,681.3929,0.40105869419039375,-0.005510195773797466,14.109233439285902
2023-11-29 09:16:04,12.899544002,77.46545913,681.2263,0.6417048799435736,0.24064618575317986,163.94849229322915
2023-11-29 09:16:05,12.899547712,77.46545722,681.6726,0.4615646224807254,-0.18014025746284823,333.3510312697312
2023-11-29 09:16:06,12.899546284,77.465457412,681.3838,0.16014427544121543,-0.30142034703950993,172.5333398442649
2023-11-29 09:16:07,12.899546229,77.465456797,681.6927,0.06693900806920995,-0.09320526737200548,264.7579996236806
2023-11-29 09:16:08,12.899552297,77.465454921,682.8978,0.7047039703339049,0.6377649622646949,343.2292700857364
2023-11-29 09:16:09,12.899551821,77.46545038,682.5697,0.49503076989039535,-0.2096732004435095,263.86219214521145
2023-11-29 09:16:10,12.899549563,77.465455257,683.0793,0.5852098120195649,0.09017904212916955,115.40662135266768
2023-11-29 09:16:11,12.899551843,77.465458737,683.1446,0.4544765535026003,-0.1307332585169646,56.09356565368785
2023-11-29 09:16:12,12.899554799,77.465454099,684.1837,0.6006268808629179,0.14615032736031763,303.17845807785915
2023-11-29 09:16:13,12.899557164,77.465456787,684.2,0.39247993898035777,-0.20814694188256017,47.930094748034094
2023-11-29 09:16:14,12.899550708,77.465458097,683.2021,0.7317818325445117,0.3393018935641539,168.81181097677882
2023-11-29 09:16:15,12.899555942,77.465454542,684.6148,0.69799011032335,-0.03379172222116167,326.4925929869279
2023-11-29 09:16:16,12.899556673,77.465455805,684.707,0.15920811691352105,-0.538781993409829,59.29961694720873
2023-11-29 09:16:17,12.899557517,77.465458445,684.9345,0.30114308930517936,0.1419349723916583,71.84185015976061
2023-11-29 09:16:18,12.899557943,77.465455153,683.7591,0.35994607623342384,0.05880298692824448,277.56208205372116
2023-11-29 09:16:19,12.899555747,77.465457586,684.6913,0.3594004084403143,-0.0005456677931095499,132.7983868517174
2023-11-29 09:16:20,12.899560458,77.465452729,685.3888,0.7426646356151227,0.38326422717480846,314.85791441877416
2023-11-29 09:16:21,12.89956114,77.465450725,685.5888,0.23006853009664213,-0.5125961055184807,289.24564727898854
2023-11-29 09:16:22,12.899560371,77.465451099,685.8012,0.09463112691678088,-0.13543740317986125,154.6356818007264
2023-11-29 09:16:23,12.899567173,77.46545371,686.5442,0.807559752672762,0.7129286257559811,20.514352706167926
2023-11-29 09:16:24,12.89956416,77.465452477,686.3913,0.3607018577027748,-0.44685789496998723,201.7470067151561
2023-11-29 09:16:25,12.899549322,77.465453651,683.9611,1.6548100209108598,1.294108163208085,175.58982824489613
2023-11-29 09:16:26,12.899548409,77.465453947,683.7832,0.1064698514965582,-1.5483401694143015,162.46221820851576
2023-11-29 09:16:27,12.899550945,77.465451082,683.6864,0.4194635518619186,0.3129937003653604,312.24205951035003
2023-11-29 09:16:28,12.899546991,77.465454544,683.0994,0.5780236914625921,0.15856013960067356,139.52016230290292
2023-11-29 09:16:29,12.899550668,77.465455089,684.0293,0.41310899827040953,-0.1649146931921826,8.221095661394145
2023-11-29 09:16:30,12.899548629,77.465452487,683.4808,0.3618623096090406,-0.051246688661368944,231.20362607428618
2023-11-29 09:16:31,12.899551428,77.465456511,684.0373,0.535816317243837,0.17395400763479646,54.48890247284436
2023-11-29 09:16:32,12.899556156,77.465452703,685.1741,0.6683931127377145,0.13257679549387746,321.8649583308211
2023-11-29 09:16:33,12.899558257,77.465453303,684.4278,0.24250335322702962,-0.42588975951068486,15.555667732445443
2023-11-29 09:16:34,12.899558602,77.465453902,685.4361,0.07541150478298161,-0.167091848444048,59.422355555048114
2023-11-29 09:16:35,12.899558013,77.465456292,685.553,0.26719994231180166,0.19178843752882005,104.18843023157478
2023-11-29 09:16:36,12.899559478,77.465453053,685.643,0.38702379746688526,0.11982385515508359,294.89178905412746
2023-11-29 09:16:37,12.899557144,77.465455094,683.7847,0.3410192841498568,-0.04600451331702843,139.55587524783198
2023-11-29 09:16:38,12.899552653,77.465455761,684.6439,0.5045824099923679,0.1635631258425111,171.7624598200639
2023-11-29 09:16:39,12.899558924,77.465452602,685.444,0.7768331141507995,0.27225070415843156,333.8473786832574
2023-11-29 09:16:40,12.899557079,77.465453772,685.3416,0.24118543046551788,-0.5356476836852816,148.27803354333935
2023-11-29 09:16:41,12.899553756,77.465453811,685.4054,0.3695249201578799,0.12833948969236203,179.3445539429522
2023-11-29 09:16:42,12.899550871,77.465453193,684.9152,0.3277160859914149,-0.041808834166465025,191.7942073342363
2023-11-29 09:16:43,12.899551297,77.465455262,686.1135,0.2292044344931064,-0.09851165149830848,78.07288696933142
2023-11-29 09:16:44,12.899553972,77.465452245,686.7328,0.44205097059587434,0.21284653610276794,312.2895908130495
2023-11-29 09:16:45,12.899545294,77.465452485,683.9785,0.9653001452622887,0.5232491746664143,178.4557838668527
2023-11-29 09:16:46,12.899552341,77.465451596,684.3622,0.7894929267207388,-0.1758072185415499,352.9895758674855
2023-11-29 09:16:47,12.899549064,77.465451894,683.8759,0.3658145319500391,-0.4236783947706997,174.9344354164532
2023-11-29 09:16:48,12.899553556,77.465452911,684.1597,0.5115064154084255,0.14569188345838635,12.445054235515897
2023-11-29 09:16:49,12.899552287,77.465456005,684.8328,0.36383199945405553,-0.14767441595436992,112.81978136228082
2023-11-29 09:16:50,12.899548456,77.465451561,684.5229,0.6430245549826613,0.2791925555286058,228.5110873035684
2023-11-29 09:16:51,12.899552486,77.465452669,684.299,0.4639291764138181,-0.17909537856884322,15.002680739110815
2023-11-29 09:16:52,12.899551836,77.465452678,684.7668,0.0722832848946726,-0.3916458915191455,179.22674162368867
2023-11-29 09:16:53,12.899555356,77.46544906,685.3105,0.5540583174599328,0.4817750325652602,314.9455861540897
2023-11-29 09:16:54,12.89955151,77.465451545,684.8751,0.5054073625236771,-0.04865095493625571,147.79647511218263
2023-11-29 09:16:55,12.89954343,77.465455673,684.8955,1.0037000022016496,0.49829263967797244,153.52680010606923
2023-11-29 09:16:56,12.899547447,77.465451099,684.826,0.6673094461918381,-0.3363905560098115,312.0176623690111
2023-11-29 09:16:57,12.899549627,77.46545397,684.8963,0.3944560828069381,-0.27285336338489996,52.0822513149854
2023-11-29 09:16:58,12.899552772,77.465453129,685.3696,0.3613930415470432,-0.0330630412598949,345.3903698917994
2023-11-29 09:16:59,12.899545374,77.46545188,683.7379,0.8336850945499779,0.47229205300293464,189.34532440983264
2023-11-29 09:17:00,12.899551412,77.465452159,684.8441,0.6720756550656035,-0.16160943948437434,2.578928462096144
2023-11-29 09:17:01,12.899546951,77.465455124,684.0255,0.5910469662341908,-0.08102868883141268,147.0617903605413
2023-11-29 09:17:02,12.89954449,77.465454918,685.0842,0.2745601140819438,-0.31648685215224703,184.6646198265061
2023-11-29 09:17:03,12.89957635,77.465441686,691.1452,3.8219681433120396,3.5474080292300956,337.9601457131686
2023-11-29 09:17:04,12.89955705,77.465452454,685.5097,2.4429026724618006,-1.379065470850239,151.46057380313965
2023-11-29 09:17:05,12.899575773,77.465438937,689.6765,2.5457428896537593,0.10284021719195868,324.8649376968156
2023-11-29 09:17:06,12.899545741,77.465453911,682.5502,3.712923566712455,1.1671806770586959,154.0794010950392
2023-11-29 09:17:07,12.899549447,77.465454125,682.6736,0.41274067429751676,-3.3001828924149383,3.2216026882244932
2023-11-29 09:17:08,12.899547198,77.465454808,683.7821,0.26080464887506627,-0.1519360254224505,163.5098616918183
2023-11-29 09:17:09,12.899553059,77.465457034,684.0558,0.6949411582677821,0.43413650939271586,20.315240878069744
2023-11-29 09:17:10,12.899551971,77.465458162,684.4134,0.17200083074722256,-0.5229403275205595,134.69794113086687
2023-11-29 09:17:11,12.899552064,77.465460137,683.8451,0.2143173014416438,0.04231647069442124,87.2343194169722
2023-11-29 09:17:12,12.899556367,77.465461267,685.2774,0.49389917408495176,0.27958187264330797,14.358263137643746
2023-11-29 09:17:13,12.89955643,77.465462095,684.8797,0.09001882795627644,-0.4038803461286753,85.53672014230892
2023-11-29 09:17:14,12.899553496,77.465459137,684.1281,0.45741619512702236,0.3673973671707459,224.5011425841381
2023-11-29 09:17:15,12.899552592,77.465458939,683.9669,0.10278563225598482,-0.35463056287103756,192.05165126790305
2023-11-29 09:17:16,12.899563571,77.465454744,687.4508,1.3027349546968912,1.1999493224409064,339.5721452574889
2023-11-29 09:17:17,12.899562013,77.465451777,686.9298,0.3652838956288891,-0.9374510590680021,241.6884366794939
2023-11-29 09:17:18,12.899556552,77.465455689,685.7471,0.7406247268597205,0.3753408312308314,145.07441676352477
2023-11-29 09:17:19,12.899558663,77.465450439,686.2628,0.6155538798758299,-0.1250708469838906,292.41642608614734
2023-11-29 09:17:20,12.899551386,77.465453115,684.2863,0.8595793740418689,0.24402549416603903,160.27960743739573
2023-11-29 09:17:21,12.899548514,77.465458916,683.5695,0.7052150527439138,-0.15436432129795508,116.92624586239316
2023-11-29 09:17:22,12.899551472,77.465458861,683.8488,0.3289686119230134,-0.3762464408209004,358.9616623014953
2023-11-29 09:17:23,12.899552237,77.465458569,684.5227,0.09076119786513792,-0.2382074140578755,339.59145846995307
2023-11-29 09:17:24,12.899560757,77.465453435,686.7539,1.0987203737663935,1.0079591759012556,329.5711001413806
2023-11-29 09:17:25,12.899551151,77.46545543,685.4829,1.0898061968965451,-0.008914176869848411,168.55562911090828
2023-11-29 09:17:26,12.899555017,77.465455353,686.485,0.4299605951452155,-0.6598456017513297,358.8877663988276
2023-11-29 09:17:27,12.899564841,77.465451989,688.197,1.1516245955660582,0.7216640004208428,341.5417714274982
2023-11-29 09:17:28,12.899553336,77.465449524,685.4184,1.306899605239021,0.1552750096729627,191.79652091842055
2023-11-29 09:17:29,12.899564778,77.465448595,688.5503,1.2762707097301074,-0.030628895508913567,355.474869721195
2023-11-29 09:17:30,12.899563461,77.465456188,689.3473,0.8359228702240641,-0.4403478395060433,100.08960223908247
2023-11-29 09:17:31,12.899554935,77.465456325,686.6932,0.9481642291819934,0.1122413589579293,179.10265103507868
2023-11-29 09:17:32,12.899557575,77.465450666,686.4861,0.679999291140639,-0.26816493804135444,295.5753939032995
2023-11-29 09:17:33,12.899567245,77.465452386,690.6161,1.0912968386516901,0.4112975475110512,9.836203207036363
2023-11-29 09:17:34,12.899556516,77.465453603,686.6985,1.2002806886646415,0.10898385001295141,173.69053585923893
2023-11-29 09:17:35,12.899552467,77.465457512,686.6929,0.6182393436133355,-0.582041345051306,136.7392704118978
2023-11-29 09:17:36,12.899547504,77.465452683,685.6467,0.7605964185387989,0.14235707492546334,223.4843192786697
2023-11-29 09:17:37,12.899541658,77.465451735,689.1645,0.6581164625956388,-0.10247995594316006,188.98240555846823
2023-11-29 09:17:38,12.899568386,77.465416828,690.8945,4.811231179387523,4.153114716791884,308.1501987994421
2023-11-29 09:17:39,12.899547181,77.465412733,688.6357,2.3993003401028976,-2.4119308392846253,190.6606742709362
2023-11-29 09:17:40,12.899527149,77.46539229,686.015,3.14186088941382,0.7425605493109222,224.84956183306744
2023-11-29 09:17:41,12.899533213,77.4653861,688.1747,0.9512115694998846,-2.190649319913935,315.1431092432663
2023-11-29 09:17:42,12.899513729,77.46537329,685.8962,2.5732540984191745,1.62204252891929,212.65460079320238
2023-11-29 09:17:43,12.899499057,77.465353353,683.4369,2.707641439982037,0.1343873415628627,232.9482464128215
2023-11-29 09:17:44,12.899488082,77.465339562,682.3063,1.9296846107636567,-0.7779568292183805,230.77137072642506
2023-11-29 09:17:45,12.899492394,77.46532691,685.5355,1.4527391662941322,-0.47694544446952447,289.2716430100045
2023-11-29 09:17:46,12.899484457,77.465308673,685.2221,2.1647599896584975,0.7120208233643652,245.94010465285803
2023-11-29 09:17:47,12.899488771,77.465286639,689.6396,2.4359358874369508,0.2711758977784533,281.35715893481483
2023-11-29 09:17:48,12.899486627,77.465270429,687.7679,1.7730815897498184,-0.6628542976871323,262.2728224628986
2023-11-29 09:17:49,12.899478672,77.465257151,688.9888,1.6892878693885287,-0.08379372036128974,238.42418571546165
2023-11-29 09:17:52,12.899460614,77.465196416,693.0913,2.2941385617746652,0.2016168974620455,253.03713675778386
2023-11-29 09:17:53,12.899436315,77.465173862,690.2894,3.6436888952320925,1.3495503334574273,222.1376010732744
2023-11-29 09:17:54,12.899414259,77.465145889,688.4533,3.8996927339574645,0.256003838725372,231.03101759821186
2023-11-29 09:17:55,12.89940366,77.465115384,692.5757,3.5101661243647033,-0.3895266095927612,250.38156162664987
2023-11-29 09:17:56,12.899370509,77.465086232,687.7123,4.855126733868889,1.3449606095041853,220.60245869440655
2023-11-29 09:17:57,12.899328576,77.46504929,685.2951,6.14604903087545,1.2909222970065617,220.65414911059563
2023-11-29 09:17:58,12.899297939,77.465012604,683.3734,5.236108488635632,-0.9099405422398181,229.41218719838892
2023-11-29 09:17:59,12.899261672,77.464961009,683.656,6.89469158685129,1.658583098215658,234.20406670189791
2023-11-29 09:18:00,12.899219584,77.464900524,683.2524,8.05493271280955,1.160241125958259,234.4786077925845
2023-11-29 09:18:01,12.899184067,77.464847707,682.247,6.954860486009223,-1.100072226800326,235.39964374156273
2023-11-29 09:18:02,12.899140808,77.464793705,681.3899,7.576145083013738,0.6212845970045144,230.58658813911526
2023-11-29 09:18:03,12.899121556,77.464731192,686.6621,7.105842656053807,-0.47030242695993074,252.4665525914647
2023-11-29 09:18:04,12.899084597,77.464668547,688.4356,7.936853753939025,0.8310110978852183,238.81563015054547
2023-11-29 09:18:05,12.899030429,77.464603021,686.202,9.312441440854533,1.375587686915508,229.6998875935757
2023-11-29 09:18:06,12.898976543,77.464528873,687.1478,10.024608704363207,0.7121672635086735,233.29365241741675
2023-11-29 09:18:07,12.898929674,77.464453128,687.8771,9.724378105330457,-0.3002305990327496,237.59294150738668
2023-11-29 09:18:08,12.898859258,77.46438161,683.1563,11.01803946354082,1.2936613582103629,224.71268329483556
2023-11-29 09:18:09,12.898800009,77.464302054,683.5148,10.85174089815776,-0.16629856538306065,232.6192607739955
2023-11-29 09:18:10,12.898739794,77.464219638,683.8051,11.163754392532693,0.3120134943749342,233.1471112370897
2023-11-29 09:18:11,12.89868531,77.464129862,684.1887,11.462580856263829,0.2988264637311353,238.0936672913553
2023-11-29 09:18:12,12.898616315,77.464045078,682.8831,11.971123995327497,0.5085431390636685,230.14353670741477
2023-11-29 09:18:13,12.898561602,77.463962846,683.9642,10.791442917110642,-1.1796810782168556,235.6836261185804
2023-11-29 09:18:14,12.898503222,77.463872704,684.2942,11.730359225292165,0.9389163081815237,236.39955176037626
2023-11-29 09:18:15,12.898427787,77.463782762,682.4631,12.860647772763327,1.130288547471162,229.29071636265462
2023-11-29 09:18:16,12.89836715,77.463685253,682.9923,12.536497805046741,-0.3241499677165862,237.46385142349655
2023-11-29 09:18:17,12.898335334,77.463596661,685.4411,10.2333908495123,-2.3031069555344406,249.7749133923228
2023-11-29 09:18:18,12.898238199,77.463482793,684.4903,16.400806475776733,6.167415626264432,228.80985127577003
2023-11-29 09:18:19,12.898170638,77.463381508,682.9124,13.30254905575278,-3.0982574200239537,235.61598749075253
2023-11-29 09:18:20,12.898108527,77.463279492,684.3284,13.037093357954468,-0.2654556977983109,238.01130201654948
2023-11-29 09:18:21,12.898041341,77.463177496,682.699,13.34283226753044,0.3057389095759717,235.95065971224858
2023-11-29 09:18:22,12.897974285,77.463075071,682.9225,13.373322146211587,0.03048987868114672,236.11352396536415
2023-11-29 09:18:23,12.89789219,77.462966512,681.755,14.892424182830284,1.5191020366186976,232.19574828095818
2023-11-29 09:18:24,12.897811015,77.462863632,679.9748,14.34643821451993,-0.5459859683103545,231.01161399779684
2023-11-29 09:18:25,12.897740897,77.462749117,678.2788,14.657856163010667,0.3114179484907371,237.86492845269484
2023-11-29 09:18:26,12.897665757,77.462636889,679.1323,14.75737853073257,0.09952236772190304,235.51642641476587
2023-11-29 09:18:27,12.897601729,77.462520855,677.8377,14.45220417913452,-0.3051743515980494,240.4864246857107
2023-11-29 09:18:28,12.897516371,77.462403155,679.3495,15.900905039316438,1.4487008601819173,233.3512481280908
2023-11-29 09:18:29,12.897415817,77.462314896,678.5135,14.715028806191413,-1.1858762331250254,220.54975247440714
2023-11-29 09:18:30,12.897353476,77.462216335,684.3202,12.73495002100056,-1.9800787851908517,237.02118756561848
2023-11-29 09:18:32,12.897241866,77.462019731,689.3867,12.330136425527838,-0.20240679773636128,239.7842764800409
2023-11-29 09:18:33,12.897139684,77.46197029,697.4656,12.562465395689875,0.2323289701620368,205.25071623104984
2023-11-29 09:18:34,12.897130288,77.461848026,687.0682,13.293284463906287,0.7308190682164124,265.4921948356762
2023-11-29 09:18:35,12.897085709,77.461752881,684.2791,11.442207253723245,-1.8510772101830426,244.3281180034886
2023-11-29 09:18:36,12.897050699,77.461696513,681.2002,7.244553109152044,-4.197654144571201,237.49589108196602
2023-11-29 09:18:40,12.896775574,77.461569107,704.6891,8.39123066182839,0.2866693881690865,204.29452270956594
2023-11-29 09:18:41,12.896732187,77.461539592,691.8261,5.788729875234289,-2.602500786594101,213.5488476793942
2023-11-29 09:18:42,12.896697371,77.46149843,718.8536,5.907016234259079,0.11828635902479068,229.0512487968944
2023-11-29 09:18:43,12.896650442,77.461450935,689.3673,7.330211989901609,1.4231957556425296,224.6115274104681
2023-11-29 09:18:44,12.89661108,77.461394565,690.6729,7.515866433005622,0.18565444310401347,234.3841017035504
2023-11-29 09:18:45,12.896521383,77.461310623,721.0957,13.500366976036565,5.984500543030943,222.3720993832608
2023-11-29 09:18:46,12.896426999,77.461276044,719.8877,11.14419716004437,-2.356169815992194,199.65284315827157
2023-11-29 09:18:47,12.896413643,77.461265539,711.8078,1.8713831938361023,-9.272813966208268,217.47729617830723
2023-11-29 09:18:48,12.896373396,77.461190232,701.9886,9.308859981912368,7.437476788076266,241.265416273165
2023-11-29 09:18:55,12.895897355,77.460843343,647.1656,9.275434648666158,-0.004775047606601491,215.38679574816933
2023-11-29 09:18:57,12.895800046,77.460572804,646.7197,15.628208390394127,3.1763868708639844,249.74634102373642
2023-11-29 09:18:58,12.895694717,77.460477927,646.6533,15.586136420981603,-0.04207196941252356,221.28471831311847
2023-11-29 09:18:59,12.895636304,77.460379531,640.7161,12.48735591947068,-3.098780501510923,238.65806755769592
2023-11-29 09:19:00,12.895534276,77.460289361,647.5846,14.974360622305245,2.4870047028345645,220.74447220876868
2023-11-29 09:19:01,12.895417059,77.46021259,649.0587,15.463718222042628,0.48935759973738335,212.55535431329326
2023-11-29 09:19:02,12.895318757,77.460107137,643.2114,15.815407802189291,0.3516895801466635,226.27948020134653
2023-11-29 09:19:03,12.895200464,77.460049836,641.8547,14.54619618382824,-1.2692116183610516,205.27585376563002
2023-11-29 09:19:04,12.89507749,77.459910824,632.4455,20.347309686162156,5.801113502333916,227.77576708194516
2023-11-29 09:19:05,12.894968069,77.459852879,634.353,13.692497934297725,-6.654811751864431,207.30301298310943
2023-11-29 09:19:06,12.894847809,77.459741805,635.0158,17.993480757624077,4.300982823326352,221.99744371980816
2023-11-29 09:19:07,12.894755585,77.459712542,637.6843,10.734166106273575,-7.259314651350502,197.18692444292836
2023-11-29 09:19:09,12.894515371,77.459513584,632.2637,17.164744082296863,3.215288988011644,218.9162607179467
2023-11-29 09:19:10,12.894398178,77.459366984,668.8701,20.550167652221017,3.3854235699241535,230.64528834331077
2023-11-29 09:19:11,12.894228972,77.459290203,622.6365,20.57329137588463,0.023123723663612594,203.86123862834353
2023-11-29 09:19:12,12.894147029,77.459260143,618.0794,9.67668223906799,-10.89660913681664,199.67654839662993
2023-11-29 09:19:13,12.894033965,77.459139575,647.0739,18.134064623483148,8.457382384415158,226.10900353670468
2023-11-29 09:19:14,12.893888116,77.459027183,637.9553,20.283517347419288,2.1494527239361396,216.91294257830845
2023-11-29 09:19:15,12.893771374,77.458880238,628.2702,20.547408200664762,0.26389085324547423,230.81960971941047
2023-11-29 09:19:16,12.893641749,77.458853633,656.5759,14.699288826263743,-5.848119374401019,191.31383436984325
2023-11-29 09:19:17,12.893506517,77.458779674,639.8384,17.04051624289162,2.341227416627877,208.0627572644983
2023-11-29 09:19:18,12.893392022,77.458624852,645.6503,21.06416920240177,4.023652959510152,232.81406797922156
2023-11-29 09:19:19,12.89327416,77.458596126,683.5685,13.470451118118536,-7.5937180842832355,193.3645982860895
2023-11-29 09:19:20,12.893220789,77.458536056,575.1607,8.8098446167815,-4.6606065013370355,227.6520772648994
2023-11-29 09:19:21,12.893002041,77.458376887,643.571,29.820995633816878,21.011151017035377,215.34776094081903
2023-11-29 09:19:22,12.892904752,77.458196597,649.5986,22.336436986642717,-7.484558647174161,241.03191376685498
2023-11-29 09:19:23,12.892851617,77.458101844,576.6805,11.848636931495047,-10.48780005514767,240.08917627082508
2023-11-29 09:19:24,12.892713912,77.457979095,563.615,20.285028561322555,8.436391629827508,220.987991899119
2023-11-29 09:19:25,12.892557753,77.457877021,661.2216,20.589392318338742,0.304363757016187,212.5043036858418
2023-11-29 09:19:26,12.892467889,77.457741997,638.8108,17.72134149426114,-2.868050824077603,235.67659445845607
2023-11-29 09:19:27,12.892399671,77.457614028,643.2451,15.809442802228988,-1.9118986920321515,241.32715804963948
2023-11-29 09:19:29,12.892220345,77.457378869,594.4234,16.181118545425676,0.18583787159834397,231.96416229729522
2023-11-29 09:19:30,12.892172051,77.457354321,643.3277,5.993103571790225,-10.18801497363545,206.35794846394307
2023-11-29 09:19:31,12.892105699,77.457225261,655.1888,15.815459083236018,9.822355511445792,242.1922862050418
2023-11-29 09:19:32,12.891993239,77.45709858,646.0464,18.572032942697103,2.756573859461085,227.67593875939994
2023-11-29 09:19:33,12.891965475,77.456950152,641.4077,16.381930301248094,-2.190102641449009,259.13752813521546
2023-11-29 09:19:34,12.891870374,77.456751183,641.6657,24.019692143754575,7.637761842506482,243.87997844158394
2023-11-29 09:19:36,12.891674413,77.456418217,641.1968,21.07931101037997,-1.470190566687302,238.87855116563497
2023-11-29 09:19:37,12.89166401,77.456483433,626.4646,7.162921092428735,-13.916389917951236,99.29355219510182
2023-11-29 09:19:38,12.891543559,77.456351181,650.1756,19.61839297912318,12.455471886694443,226.94476950145824
2023-11-29 09:19:39,12.891584,77.456281498,598.8398,8.790374923569464,-10.828018055553715,300.7680306075193
2023-11-29 09:19:40,12.891462101,77.456107408,605.092,23.233649598664748,14.443274675095283,234.3098628450682
2023-11-29 09:19:41,12.891342573,77.455900104,621.9272,26.106617388880096,2.8729677902153483,239.39605124433118
2023-11-29 09:19:42,12.891386485,77.455912718,594.4346,5.070606779496411,-21.036010609383684,15.643094409714251
2023-11-29 09:19:44,12.891142957,77.455580709,618.8148,22.518636742885267,8.724014981694427,233.03989761457197
2023-11-29 09:19:45,12.891042194,77.455452489,577.9307,17.851986034437928,-4.666650708447339,231.12497402221592
2023-11-29 09:19:46,12.890925376,77.455327372,581.2187,18.778964006007815,0.9269779715698867,226.2345102414926
2023-11-29 09:19:50,12.890610592,77.454829599,622.3459,16.078505974510353,-0.6751145078743654,237.0271855268398
2023-11-29 09:19:52,12.890469086,77.454698186,623.4635,10.612250750936406,-2.7331276117869736,222.153612858197
2023-11-29 09:19:53,12.890429026,77.454543147,622.4022,17.38543080306302,6.773180052126614,255.15421911985942
2023-11-29 09:19:54,12.89035456,77.454493448,648.4071,9.878372365603145,-7.507058437459875,213.0474587184348
2023-11-29 09:19:55,12.890319707,77.454393592,608.1923,11.496561834168938,1.6181894685657934,250.29979782799677
2023-11-29 09:19:58,12.890019078,77.454017783,616.1463,17.565108460966503,2.022848875599188,230.62664670855474
2023-11-29 09:19:59,12.889922701,77.453915281,627.5477,15.436614570622304,-2.128493890344199,226.03374761792588
2023-11-29 09:20:00,12.889782352,77.453775576,637.9282,21.745380946866728,6.308766376244424,224.13723315980124
2023-11-29 09:20:01,12.889660592,77.453684792,674.001,16.737367669186067,-5.008013277680661,216.01002968998847
2023-11-29 09:20:03,12.889590639,77.453471049,628.5126,12.219567302951992,-2.2589001831170377,251.4412562022564
2023-11-29 09:20:04,12.889490063,77.453358459,615.1984,16.553202131239292,4.3336348282873,227.4983239495202
2023-11-29 09:20:05,12.889302176,77.453333988,645.7802,21.05978977330568,4.506587642066389,187.23564184386606
2023-11-29 09:20:06,12.88923054,77.453164097,624.8259,20.063975575177967,-0.9958141981277144,246.60874913184642
2023-11-29 09:20:08,12.88908049,77.453010935,615.9183,11.768597758992163,-4.147688908092902,224.85701245540173
2023-11-29 09:20:09,12.888970955,77.452875314,619.2412,19.090515275306508,7.321917516314345,230.35721798323607
2023-11-29 09:20:10,12.888793962,77.452932925,648.7186,20.647675473924483,1.557160198617975,162.39588334633459
2023-11-29 09:20:11,12.888738301,77.452875318,634.9263,8.7918538815832,-11.855821592341282,225.25343622669098
2023-11-29 09:20:12,12.888543112,77.452808705,664.7228,22.87354586116285,14.081691979579649,198.401058340629
2023-11-29 09:20:13,12.888483752,77.452746443,637.5214,9.439980634792736,-13.433565226370114,225.63633357971293
2023-11-29 09:20:14,12.888376883,77.452594827,649.214,20.280414454267486,10.84043381947475,234.1299489371885
2023-11-29 09:20:15,12.888298148,77.452510942,650.0697,12.622364700251127,-7.658049754016359,226.08386876773739
2023-11-29 09:20:16,12.888207138,77.452436627,650.8307,12.934401218784817,0.31203651853368974,218.51934238847534
2023-11-29 09:20:17,12.888132636,77.452359047,649.0799,11.804362234303023,-1.1300389844817946,225.42879972055465
2023-11-29 09:20:18,12.888015973,77.452361177,648.6279,12.974388124763477,1.1700258904604546,178.98037078219454
2023-11-29 09:20:19,12.88798434,77.452293057,644.6759,8.178783148273151,-4.795604976490326,244.52816138610694
2023-11-29 09:20:20,12.887965645,77.452154974,635.7743,15.110998630638369,6.932215482365217,262.0928768755506
2023-11-29 09:20:21,12.887858825,77.4521172,658.584,12.563748447945725,-2.5472501826926432,199.01982153094565
2023-11-29 09:20:22,12.887799534,77.452012747,650.7778,13.101705978289367,0.5379575303436415,239.78766998573428
2023-11-29 09:20:23,12.887683845,77.452017608,654.4468,12.874816134371233,-0.2268898439181335,177.6545126335585
2023-11-29 09:20:24,12.887671049,77.451956079,651.8571,6.819451847357918,-6.055364287013315,257.95699985648986
2023-11-29 09:20:25,12.887636551,77.45188022,630.4957,9.073415489874844,2.2539636425169256,244.99017348132992
2023-11-29 09:20:26,12.887513381,77.45177286,644.1168,17.972221904754683,8.89880641487984,220.3540300084158
2023-11-29 09:20:27,12.887451495,77.451761892,634.0011,6.983351046568694,-10.98887085818599,189.8019315169426
2023-11-29 09:20:28,12.887371783,77.451673905,637.1857,13.020068122036,6.036717075467306,227.09677838329569
2023-11-29 09:20:29,12.887264137,77.451541961,638.7768,18.649902231443406,5.6298341094074065,230.0731140246797
2023-11-29 09:20:30,12.887195896,77.451516449,637.3772,8.076242963380796,-10.57365926806261,200.0234893864015
2023-11-29 09:20:31,12.887134694,77.451496078,648.5912,7.154613864313248,-0.9216290990675482,197.9764106541956
2023-11-29 09:20:32,12.887053935,77.451412495,637.4975,12.756256649882587,5.601642785569339,225.25381295086052
2023-11-29 09:20:33,12.886952892,77.451351806,658.7389,13.019608465575882,0.26335181569329436,210.34884359415386
2023-11-29 09:20:34,12.886937385,77.451309429,665.5181,4.906394584242736,-8.113213881333145,249.42463218048883
2023-11-29 09:20:35,12.886865315,77.451215332,655.8141,12.971215797513798,8.064821213271063,231.84322381793436
2023-11-29 09:20:36,12.886785604,77.451228716,663.1543,8.981401434159809,-3.9898143633539895,170.7043991192644
2023-11-29 09:20:37,12.886739056,77.451160543,659.9344,9.021948374034992,0.040546939875182986,234.99128953152433
2023-11-29 09:20:38,12.886616684,77.451026118,642.0542,19.93653741643881,10.914589042403819,226.95889891042683
2023-11-29 09:20:39,12.886505617,77.450884887,641.2119,19.669241132507448,-0.26729628393136196,231.10551731591826
2023-11-29 09:20:40,12.886472791,77.450846121,636.8089,5.565972628878288,-14.10326850362916,229.02075966022375
2023-11-29 09:20:41,12.886397665,77.450807833,643.8844,9.327771788822124,3.7617991599438367,206.418852705311
2023-11-29 09:20:42,12.886347189,77.450766538,619.0502,7.178997978210934,-2.14877381061119,218.5726045997937
2023-11-29 09:20:43,12.886227379,77.450660998,595.7598,17.560044256149975,10.381046277939042,220.65299705819547
2023-11-29 09:20:44,12.88611187,77.45062294,627.1153,13.490242018295122,-4.069802237854853,197.80613250285117
2023-11-29 09:20:45,12.885996694,77.450436088,642.7622,23.963153943560478,10.472911925265356,237.69374298225353
2023-11-29 09:20:46,12.885902071,77.45048549,623.4166,11.805891231197956,-12.157262712362522,153.026426038439
2023-11-29 09:20:47,12.885781006,77.450397238,639.4582,16.514527183337222,4.708635952139266,215.39783179529502
2023-11-29 09:20:48,12.885667932,77.450278136,628.0773,18.0209724174272,1.506445234089977,225.75714791056876
2023-11-29 09:20:49,12.885570549,77.450198634,626.5524,13.83904994908029,-4.18192246834691,218.5136928150513
2023-11-29 09:20:50,12.885494436,77.450154883,634.6148,9.701492333040672,-4.137557616039617,209.26370684310226
2023-11-29 09:20:51,12.8854837,77.450091734,592.6182,6.948342239222296,-2.753150093818376,260.1069838455237
2023-11-29 09:20:52,12.885369049,77.450008788,630.9456,15.600115842420399,8.651773603198102,215.19329011953428
2023-11-29 09:20:53,12.885297468,77.449960442,636.0979,9.529697986239675,-6.070417856180724,213.36070904433626
2023-11-29 09:20:54,12.885223033,77.449903432,633.0538,10.329215124486135,0.7995171382464594,216.74563619950078
2023-11-29 09:20:55,12.885174931,77.449835333,637.5098,9.115721011378719,-1.2134941131074157,234.0729108720206
2023-11-29 09:20:56,12.885088956,77.449868117,645.9774,10.199093249859724,1.0833722384810045,159.60898162639387
2023-11-29 09:20:57,12.885013296,77.449889381,641.2517,8.723033845070063,-1.4760594047896607,164.67863351341782
2023-11-29 09:20:58,12.88499382,77.449847552,655.8559,5.0247000797474,-3.698333765322663,244.4691338718277
2023-11-29 09:21:01,12.884907166,77.44986515,670.3907,3.274162593396626,-0.583512495450258,168.80195466512407
2023-11-29 09:21:02,12.884885149,77.449898195,673.6385,4.338627372469619,1.0644647790729933,124.35195329674866
2023-11-29 09:21:03,12.884831177,77.449897836,670.8517,6.0015387403018945,1.6629113678322751,180.37150702370892
2023-11-29 09:21:04,12.884846825,77.449756377,667.3789,15.431864456561101,9.430325716259206,276.4740138442115
2023-11-29 09:21:05,12.884848866,77.449674553,665.1805,8.872220557041642,-6.559643899519459,271.4657785290629
2023-11-29 09:21:06,12.884818349,77.449719543,682.1304,5.941117002154801,-2.9311035548868407,124.83123520687991
2023-11-29 09:21:07,12.884728464,77.449603102,661.5484,16.099713251447657,10.158596249292856,231.62518959907118
2023-11-29 09:21:08,12.884681297,77.449541154,649.563,8.520361684442797,-7.57935156700486,232.0079200318084
2023-11-29 09:21:09,12.884622761,77.449444782,646.2214,12.308133264717737,3.7877715802749403,238.07359539257885
2023-11-29 09:21:10,12.884521915,77.449421588,646.8993,11.491944844207636,-0.8161884205101018,192.63692991324737
2023-11-29 09:21:11,12.884476408,77.449337552,649.7497,10.420210923396981,-1.0717339208106544,240.94763350501506
2023-11-29 09:21:12,12.884368146,77.449294677,652.6253,12.904133334072439,2.483922410675458,201.10952018863745
2023-11-29 09:21:13,12.884312005,77.449115131,637.8017,20.438616742171707,7.534483408099268,252.21590297239186
2023-11-29 09:21:14,12.88418226,77.449138891,645.8748,14.655066641961335,-5.7835501002103715,169.87830708254387
2023-11-29 09:21:15,12.88408623,77.449065073,646.5769,13.343357849878307,-1.311708792083028,216.84583490871836
2023-11-29 09:21:16,12.883973893,77.44896665,647.0343,16.42716511022532,3.0838072603470135,220.5000639976581
2023-11-29 09:21:17,12.88385941,77.448866678,644.3478,16.717687152894037,0.29052204266871584,220.40651702486943
2023-11-29 09:21:18,12.883726348,77.448774993,636.1323,17.823718560331532,1.106031407437495,213.88897748714098
2023-11-29 09:21:19,12.883565337,77.448699095,643.3623,19.70336968443532,1.8796511241037877,204.67958401339797
2023-11-29 09:21:20,12.88340451,77.448580547,645.858,22.02116431794597,2.317794633510651,215.69947066671432
2023-11-29 09:21:21,12.883240449,77.448475139,657.8771,21.52548069273553,-0.4956836252104395,212.05969540477753
2023-11-29 09:21:22,12.883096391,77.448392838,650.499,18.33517497303759,-3.1903057196979425,209.11444931439766
2023-11-29 09:21:23,12.882948374,77.448327609,640.9829,17.913202486626727,-0.42197248641086205,203.24801012400823
2023-11-29 09:21:24,12.88278666,77.448235654,640.9474,20.559578461593645,2.6463759749669187,209.00021791053769
2023-11-29 09:21:25,12.882647988,77.448113202,645.8727,20.345647965187194,-0.21393049640645145,220.7220827498418
2023-11-29 09:21:26,12.882518918,77.448012563,644.818,18.027237631720638,-2.318410333466556,217.23839524137776
2023-11-29 09:21:27,12.882380471,77.447908078,652.0661,19.111954784877142,1.0847171531565039,216.34182325642774
2023-11-29 09:21:28,12.882222022,77.447828685,654.004,19.608185111808837,0.4962303269316948,206.03328472371717
2023-11-29 09:21:29,12.882107512,77.44771137,642.0377,17.995470960434737,-1.6127141513740995,224.96302708156978
2023-11-29 09:21:30,12.881972988,77.447647513,638.2746,16.482277762728028,-1.513193197706709,204.83192981834145
2023-11-29 09:21:31,12.88181578,77.447563532,635.3277,19.709004076807904,3.226726314079876,207.508621427082
2023-11-29 09:21:32,12.881686398,77.44746453,638.6017,17.948234899305778,-1.7607691775021266,216.72049439749532
2023-11-29 09:21:33,12.881534251,77.447393569,643.2863,18.58449662218824,0.6362617228824625,204.44938764773002
2023-11-29 09:21:34,12.8813965,77.447287946,641.5255,19.123294636457118,0.5387980142688775,216.77704585942107
2023-11-29 09:21:35,12.881270606,77.447229508,630.1695,15.365262953279808,-3.7580316831773093,204.3468743428055
2023-11-29 09:21:36,12.881058435,77.447193104,636.0341,23.920073826636845,8.554810873357036,189.49544046831863
2023-11-29 09:21:37,12.880965751,77.447096682,634.5769,14.678356933740032,-9.241716892896813,225.40254646708024
2023-11-29 09:21:38,12.880754823,77.44711405,641.0049,23.529560653083266,8.851203719343234,175.41077146067948
2023-11-29 09:21:39,12.880671762,77.446940449,639.2257,20.96217172125946,-2.567388931823807,243.85776146759238
2023-11-29 09:21:40,12.880546806,77.446871755,654.7243,15.763962821790972,-5.1982088994684865,208.18740337770527
2023-11-29 09:21:41,12.880421604,77.446754336,631.4431,18.86307839600163,3.099115574210657,222.4347489663916
2023-11-29 09:21:42,12.880254368,77.446690673,635.0172,19.834961887181407,0.9718834911797778,200.35984168871016
2023-11-29 09:21:43,12.880089236,77.446574072,650.034,22.291405957688806,2.4564440705073984,214.54124478553246
2023-11-29 09:21:44,12.880019149,77.446458176,634.4466,14.783762026467556,-7.507643931221249,238.186652047594
2023-11-29 09:21:45,12.879860772,77.446376973,633.5194,19.68795906136143,4.904197034893873,206.5567752674417
2023-11-29 09:21:46,12.879699933,77.44626784,636.8898,21.442874534256706,1.7549154728952772,213.4827167867387
2023-11-29 09:21:47,12.879551438,77.446189964,640.3958,18.54460281636112,-2.898271717895586,207.07797335133142
2023-11-29 09:21:48,12.879410459,77.446054228,658.1346,21.499455886400174,2.9548530700390536,223.18552818431053
2023-11-29 09:21:49,12.879262081,77.445982143,667.7662,18.25565680424997,-3.243799082150204,205.34212935985838
2023-11-29 09:21:50,12.879139682,77.445994462,632.7275,13.675499274635255,-4.580157529614715,174.3964035830213
2023-11-29 09:21:51,12.87902986,77.445906296,626.8137,15.506779805703477,1.8312805310682219,218.04715674895456
2023-11-29 09:21:52,12.878922095,77.445797143,624.7022,16.83997662088236,1.3331968151788836,224.63673341732763
2023-11-29 09:21:53,12.878834839,77.445714115,624.0678,13.233962109467575,-3.606014511414786,222.84923430906989
2023-11-29 09:21:54,12.878773277,77.445644034,637.9873,10.225842418852888,-3.008119690614686,227.9777021574662
2023-11-29 09:21:55,12.878677899,77.445573438,638.145,13.078134216731897,2.8522917978790083,215.81237693096574
2023-11-29 09:21:56,12.878630962,77.445670723,636.5589,11.766334072004014,-1.3118001447278829,116.33167469040006
2023-11-29 09:21:57,12.878568992,77.445676734,662.5186,6.921487213522782,-4.844846858481232,174.59825760930562
2023-11-29 09:21:58,12.878568549,77.445628806,636.5542,5.1955221931879745,-1.7259650203348071,269.45676922786254
2023-11-29 09:21:59,12.878587781,77.445647206,652.5048,2.9242592137840804,-2.271262979403894,43.00479468790172
2023-11-29 09:22:00,12.878580746,77.445612301,656.0387,3.8636429568213955,0.9393837430373151,258.3188031115918
2023-11-29 09:22:01,12.878617551,77.445559069,646.4657,7.074202966235186,3.2105600094137903,305.3461369138515
2023-11-29 09:22:02,12.878495583,77.445635088,646.2424,15.869350458560634,8.795147492325448,148.71748248688152
2023-11-29 09:22:03,12.878546847,77.445641856,665.1906,5.747312842173326,-10.122037616387308,7.333732755892697
2023-11-29 09:22:04,12.878546374,77.445621779,667.2988,2.176937813615803,-3.570375028557523,268.6155914328286
2023-11-29 09:22:05,12.878497462,77.445725911,657.1909,12.529640292306945,10.352702478691143,115.72624805782277
2023-11-29 09:22:06,12.87855437,77.445682831,647.5596,7.86440678941788,-4.665233502889065,323.5738460190505
2023-11-29 09:22:07,12.878558495,77.445678796,643.5341,0.6337919030697865,-7.230614886348094,316.3613180112337
2023-11-29 09:22:08,12.878520306,77.445749094,656.0834,8.723460432165355,8.089668529095569,119.12927899759865
2023-11-29 09:22:09,12.878497374,77.445753652,658.0635,2.597347640663635,-6.12611279150172,169.0341577217332
2023-11-29 09:22:10,12.87851213,77.44572253,648.4583,3.7514107833390167,1.1540631426753816,295.93684232261677
2023-11-29 09:22:11,12.878543669,77.445624476,645.9197,11.192455961985425,7.441045178646409,288.260277977736
2023-11-29 09:22:12,12.878545691,77.445649273,653.9607,2.6973269029619895,-8.495129059023435,85.21854989124989
2023-11-29 09:22:13,12.878482008,77.44562919,663.605,7.4082989589245,4.710972055962511,197.08879072803973
2023-11-29 09:22:14,12.878451743,77.445651349,652.3047,4.134596048566828,-3.273702910357672,144.4827155991195
2023-11-29 09:22:15,12.878448442,77.445664422,652.5602,1.463850517761778,-2.67074553080505,104.52165108603913
2023-11-29 09:22:16,12.878484141,77.445574903,638.0768,10.484198367656553,9.020347849894776,292.2483594692252
2023-11-29 09:22:17,12.878429607,77.445601769,646.7245,6.726955867917262,-3.7572424997392915,154.3471507744938
2023-11-29 09:22:18,12.878425824,77.445619264,635.4511,1.942512874552983,-4.784442993364279,102.50645352542614
2023-11-29 09:22:19,12.878424872,77.445526204,646.6121,10.08805834547045,8.145545470917467,269.39877442433703
2023-11-29 09:22:20,12.878382696,77.445555783,646.3787,5.681037080782657,-4.407021264687794,145.640305255108
2023-11-29 09:22:21,12.878357173,77.445495345,636.5462,7.139649237080361,1.4586121562977041,246.57786917783724
2023-11-29 09:22:22,12.878325787,77.445489229,644.8425,3.5523747440717663,-3.5872744930085947,190.75588018391
2023-11-29 09:22:23,12.878298866,77.4454398,645.0886,6.13751332929603,2.5851385852242634,240.80820284040584
2023-11-29 09:22:24,12.878331897,77.445476691,648.3824,5.429668265980915,-0.7078450633151148,47.433422439901506
2023-11-29 09:22:25,12.878266629,77.445479192,646.6238,7.262532241858197,1.8328639758772818,177.86070801426592
2023-11-29 09:22:26,12.878235936,77.445407464,639.7151,8.491238249097519,1.2287060072393219,246.30095456496377
2023-11-29 09:22:27,12.878148561,77.445336984,664.7381,12.359686731529017,3.868448482431498,218.17967588766845
2023-11-29 09:22:28,12.878083039,77.445248742,644.7671,12.023964049108898,-0.33572268242011916,232.70401577934345
2023-11-29 09:22:29,12.878018782,77.445279358,646.8421,7.878174355095127,-4.145789694013771,155.08620750347688
2023-11-29 09:22:30,12.877982121,77.445231329,633.5342,6.612338282783055,-1.265836072312072,231.93889410757433
2023-11-29 09:22:31,12.877926853,77.445178327,630.555,8.412850482191105,1.8005121994080504,223.07233760557554
2023-11-29 09:22:32,12.877825772,77.445076188,653.3876,15.776965241411265,7.3641147592201595,224.56853448069873
2023-11-29 09:22:33,12.877738725,77.445055356,632.9087,9.939107482203886,-5.837857759207379,193.13218965136937
2023-11-29 09:22:34,12.877643197,77.44499991,640.0985,12.20470333155799,2.2655958493541046,209.5019520146338
2023-11-29 09:22:35,12.877553426,77.444965436,622.9602,10.658634212569801,-1.5460691189881892,200.5240351735428
2023-11-29 09:22:36,12.877490041,77.444885978,616.6761,11.129293936387928,0.4706597238181267,230.70660464786596
2023-11-29 09:22:37,12.877405478,77.44479191,604.8472,13.870503106622689,2.741209170234761,227.31933847075655
2023-11-29 09:22:38,12.877286573,77.444775788,621.9628,13.33662887113963,-0.5338742354830579,187.529546982624
2023-11-29 09:22:39,12.877184671,77.44470852,618.4119,13.474446541253315,0.13781767011368373,212.76218729357456
2023-11-29 09:22:40,12.87706812,77.444621856,634.505,16.00656784166124,2.532121300407926,215.9372705923188
2023-11-29 09:22:41,12.87697585,77.444556671,629.1681,12.45770374516719,-3.54886409649405,214.55489297681888
2023-11-29 09:22:42,12.876912203,77.444485753,627.2892,10.449079557492588,-2.0086241876746023,227.36653235763376
2023-11-29 09:22:43,12.87676025,77.444465423,628.9355,17.03951005220135,6.590430494708762,187.4309548931657
2023-11-29 09:22:44,12.876628695,77.444345342,624.7491,19.581057536136253,2.5415474839349024,221.66356514410992
2023-11-29 09:22:45,12.876498677,77.444250732,637.6862,17.725461386152094,-1.8555961499841587,215.35073311982165
2023-11-29 09:22:46,12.876362462,77.444121733,653.1238,20.614249948104295,2.8887885619522002,222.71352215772018
2023-11-29 09:22:47,12.87626785,77.444052744,620.8932,12.907500534159281,-7.706749413945014,215.406812193294
2023-11-29 09:22:48,12.876101426,77.443922581,626.2942,23.27084193153936,10.363341397380077,217.32370817690617
2023-11-29 09:22:49,12.875980237,77.443845811,633.5761,15.838052037943998,-7.432789893595361,211.6971765790455
2023-11-29 09:22:50,12.875874302,77.443698128,634.9396,19.875433058751856,4.037381020807858,233.6538023257079
2023-11-29 09:22:51,12.875753077,77.443641325,634.1633,14.819350883251733,-5.056082175500123,204.55058604772054
2023-11-29 09:22:52,12.875536003,77.443546719,634.7241,26.22573843651365,11.406387553261919,203.01896907506682
2023-11-29 09:22:53,12.875449248,77.443401561,639.4448,18.456686567191156,-7.769051869322496,238.48864284052456
2023-11-29 09:22:54,12.875283627,77.443241818,657.3049,25.278470777059663,6.8217842098685075,223.2364179965169
2023-11-29 09:22:55,12.875202998,77.443168914,649.655,11.951321012066492,-13.327149764993171,221.39480604953113
2023-11-29 09:22:56,12.875110724,77.443043458,646.5068,17.03577940251817,5.084458390451678,232.9662629853585
2023-11-29 09:22:57,12.875101151,77.442997211,655.608,5.1249077766735365,-11.910871625844633,258.0121112401552
2023-11-29 09:22:58,12.874996038,77.44287554,665.2787,17.62274585004483,12.497838073371293,228.45290656167228
2023-11-29 09:22:59,12.874981199,77.442830425,641.9915,5.161291618729719,-12.461454231315109,251.35573052898675
2023-11-29 09:23:00,12.874904276,77.442594155,633.4381,27.002056937921868,21.840765319192148,251.53231322818516
2023-11-29 09:23:01,12.874797721,77.442570537,628.4975,12.121819354357905,-14.880237583563963,192.19292141639815
2023-11-29 09:23:02,12.874671536,77.442479601,650.1362,17.147629956889013,5.025810602531108,215.08953038533872
2023-11-29 09:23:03,12.874603871,77.44232762,635.5904,18.111463261985847,0.9638333050968342,245.45375913680485
2023-11-29 09:23:04,12.874531443,77.44218334,636.3512,17.591667663327048,-0.5197955986587992,242.7541910076639
2023-11-29 09:23:05,12.874483963,77.442147816,633.8403,6.534679520449273,-11.056988142877774,216.10625106698066
2023-11-29 09:23:06,12.874384881,77.441886163,630.8488,30.42773854367637,23.893059023227096,248.77175502497295
2023-11-29 09:23:07,12.874267144,77.441832257,652.6835,14.33664201380098,-16.09109652987539,204.0531773115148
2023-11-29 09:23:08,12.874240684,77.441723458,603.4268,12.155234359593752,-2.181407654207227,255.9922371848795
2023-11-29 09:23:09,12.874090453,77.4416154,622.0642,20.40243849424526,8.247204134651508,215.03805705659994
2023-11-29 09:23:10,12.874090842,77.441563779,614.5491,5.595868815160105,-14.806569679085154,270.44289384217524
2023-11-29 09:23:11,12.874041701,77.441527448,604.8655,6.735561000199665,1.1396921850395598,215.78167614466003
2023-11-29 09:23:12,12.873370266,77.441676063,675.1632,76.37844940044486,69.6428884002452,167.82363031485033
2023-11-29 09:23:13,12.873710172,77.441123474,621.7617,70.82802145966735,-5.55042794077751,302.25098205613904
2023-11-29 09:23:14,12.873611957,77.441012457,636.2794,16.250882600078075,-54.57713885958928,227.7764148201925
2023-11-29 09:23:15,12.873455597,77.440854616,622.921,24.39341897860305,8.142536378524976,224.54081362390247
2023-11-29 09:23:17,12.873237833,77.4404876,621.8075,23.287014730574985,-0.5532021240140335,238.67390060113217
2023-11-29 09:23:18,12.8730802,77.440273997,634.9594,29.040755404358872,5.753740673783888,232.87435719910826
2023-11-29 09:23:19,12.872941313,77.44010504,623.2032,23.957059819278772,-5.0836955850801,229.8617965059715
2023-11-29 09:23:20,12.872809319,77.439918536,620.8053,24.982922898755437,1.0258630794766646,234.0213652910494
2023-11-29 09:23:21,12.872658549,77.439837036,629.8883,18.950226658634424,-6.0326962401210125,207.78801929011098
2023-11-29 09:23:22,12.872452173,77.439622413,640.4621,32.67842187779975,13.728195219165325,225.39334909797765
2023-11-29 09:23:23,12.872320628,77.439549396,638.1357,16.631342386059305,-16.047079491740444,208.4188345507682
2023-11-29 09:23:24,12.872185521,77.43942478,651.1011,20.20333681831014,3.571994432250836,221.96097421565688
2023-11-29 09:23:25,12.872034725,77.439328481,641.5988,19.751642455364927,-0.45169436294521503,211.90459447047084
2023-11-29 09:23:26,12.871840029,77.439289212,643.4794,22.063734965793248,2.3120925104283216,191.1239051725749
2023-11-29 09:23:27,12.8716709,77.439142818,629.9904,24.60708075543795,2.5433457896447003,220.1585271231156
2023-11-29 09:23:28,12.871451892,77.439176225,654.495,24.620361991486448,0.013281236048499068,171.54181987364223
2023-11-29 09:23:29,12.871318553,77.438992707,629.1704,24.810895692422424,0.1905337009359762,233.30288581630776
2023-11-29 09:23:30,12.871157539,77.438943489,632.327,18.681976718782284,-6.12891897364014,196.59377911636238
2023-11-29 09:23:31,12.870967837,77.43885859,632.9628,23.014134217846607,4.332157499064323,203.57135585632557
2023-11-29 09:23:32,12.870829254,77.438792713,634.3159,16.983978800380736,-6.0301554174658705,204.8638450202178
2023-11-29 09:23:33,12.870649599,77.438657303,658.2808,24.789733052938455,7.805754252557719,216.30791008392654
2023-11-29 09:23:34,12.870517026,77.438605715,660.0812,15.766512986545727,-9.023220066392728,200.77436735443192
2023-11-29 09:23:35,12.870403894,77.438591186,633.3062,12.677912679461523,-3.0886003070842047,187.13622544797357
2023-11-29 09:23:36,12.870237798,77.438511518,639.2458,20.388420770281762,7.710508090820239,205.06079603212638
2023-11-29 09:23:37,12.870079183,77.438421216,628.2807,20.171566683947944,-0.21685408633381797,209.0308504166982
2023-11-29 09:23:38,12.869914761,77.438395049,614.9995,18.501624703245554,-1.66994198070239,188.81897818616972
2023-11-29 09:23:39,12.869756216,77.438349754,635.3747,18.300390894002454,-0.20123380924309942,195.56331086939454
2023-11-29 09:23:40,12.869575938,77.438280377,643.603,21.410305788008582,3.1099148940061276,200.56439704384448
2023-11-29 09:23:41,12.869186944,77.438307126,775.978,43.35124218794233,21.94093639993375,176.1647857494953
2023-11-29 09:23:42,12.869215588,77.438119677,655.7365,20.567924180942885,-22.783318006999448,278.9084685508328
2023-11-29 09:23:43,12.8690284,77.438021766,651.8008,23.364262827295438,2.7963386463525524,207.0181259975488
2023-11-29 09:23:44,12.868884199,77.437955879,648.0526,17.55319772758981,-5.811065099705626,204.00983171145467
2023-11-29 09:23:45,12.868703993,77.437848915,650.8058,23.150978000485054,5.597780272895243,210.05610502325897
2023-11-29 09:23:46,12.868521904,77.437769007,648.9159,22.022481943204554,-1.1284960572805005,203.16212679250097
2023-11-29 09:23:47,12.868355725,77.437715414,660.7869,19.370017326749615,-2.652464616454939,197.4532420714076
2023-11-29 09:23:48,12.868149435,77.437636298,678.2977,24.489264257019023,5.119246930269409,200.50008461627797
2023-11-29 09:23:49,12.867959004,77.437574578,644.4278,22.20682305177622,-2.2824412052428045,197.53483005421114
2023-11-29 09:23:50,12.867864362,77.437523833,656.2992,11.87468515662566,-10.33213789515056,207.5966544736993
2023-11-29 09:23:51,12.867700025,77.437468599,666.1733,19.229373236072565,7.354688079446905,198.1419769277071
2023-11-29 09:23:52,12.867557512,77.437392859,663.9025,17.847391459796814,-1.381981776275751,207.38930643324142
2023-11-29 09:23:53,12.867429696,77.437344256,665.9867,15.157637894222287,-2.6897535655745273,200.34017250590705
2023-11-29 09:23:54,12.867296299,77.437343926,670.0495,14.833112766284435,-0.3245251279378518,180.1381798149266
2023-11-29 09:23:55,12.867198298,77.437261683,667.2078,14.079521816370539,-0.753590949913896,219.28771089113042
2023-11-29 09:23:56,12.867082118,77.437213923,666.4613,13.917452758499284,-0.16206905787125514,201.83911575576892
2023-11-29 09:23:57,12.866966639,77.437182214,670.0858,13.292793727970842,-0.6246590305284414,194.9862386119821
2023-11-29 09:24:00,12.866603253,77.436983878,677.2127,15.256903778188594,0.6547033500725838,208.0172415964815
2023-11-29 09:24:01,12.866475314,77.436969811,678.3313,14.307661665341069,-0.949242112847525,186.1181826373674
2023-11-29 09:24:02,12.866415244,77.4367935,669.1697,20.246200377676917,5.938538712335848,250.7365409716023
2023-11-29 09:24:03,12.866309428,77.436721916,672.6945,14.09467781538802,-6.151522562288898,213.40524548172954
2023-11-29 09:24:04,12.866183854,77.436628183,668.5624,17.26891982173561,3.1742420063475922,216.04321431499446
2023-11-29 09:24:05,12.866062614,77.436567652,671.8185,14.993375297436945,-2.2755445242986667,205.95362318378503
2023-11-29 09:24:06,12.865974063,77.436461376,683.3195,15.155118133901505,0.1617428364645601,229.4803201524185
2023-11-29 09:24:07,12.86584254,77.436367848,678.5821,17.795381460105272,2.640263326203767,214.73210220061603
2023-11-29 09:24:08,12.865711529,77.43624019,682.2824,20.0929101918701,2.297528731764828,223.5295158926712
2023-11-29 09:24:09,12.865546884,77.436136698,679.0771,21.471720307088162,1.3788101152180623,211.49981967110566
2023-11-29 09:24:10,12.865434755,77.436013337,691.017,18.28348999020645,-3.188230316881711,227.00487368049713
2023-11-29 09:24:12,12.865135952,77.43576121,680.8764,21.511241932687525,1.613875971240537,219.44100826575377
2023-11-29 09:24:13,12.864978546,77.435646048,682.5009,21.498741936057236,-0.012499996630289445,215.49868560023637
2023-11-29 09:24:14,12.864828398,77.435541035,686.2214,20.20735202078851,-1.2913899152687272,214.28774893272745
2023-11-29 09:24:15,12.864704594,77.435459628,693.0419,16.352083640640995,-3.855268380147514,212.66158011978834
2023-11-29 09:24:16,12.864579305,77.435352141,684.8411,18.161932906714643,1.8098492660736483,219.90837620418336
2023-11-29 09:24:17,12.864495637,77.435286309,684.5737,11.725319452203951,-6.436613454510692,217.49088961653777
2023-11-29 09:24:18,12.864425658,77.435238661,684.6199,9.339612473517548,-2.385706978686404,213.57618407003335
2023-11-29 09:24:19,12.864374952,77.435211197,685.4358,6.376018414589136,-2.963594058928412,207.83571629425848
2023-11-29 09:24:20,12.864342602,77.435189185,686.7908,4.3166444472197245,-2.059373967369411,213.55846067618523
2023-11-29 09:24:21,12.864311189,77.435170368,686.0727,4.044965685305428,-0.27167876191429663,210.28425225752252
2023-11-29 09:24:22,12.864290841,77.435151579,687.0608,3.0443216929926877,-1.0006439923127401,221.99374477584183
2023-11-29 09:24:23,12.864263579,77.435130411,687.2261,3.8019714775048845,0.7576497845121968,217.12485987947738
2023-11-29 09:24:25,12.864170045,77.435058497,686.7921,6.498931957507975,1.3484802400015452,216.8536283577695
2023-11-29 09:24:26,12.864111453,77.435013221,687.2138,8.156985177349174,1.6580532198411992,216.9921245465787
2023-11-29 09:24:27,12.864052304,77.434964684,685.6887,8.42272759296178,0.26574241561260514,218.65955832042738
2023-11-29 09:24:28,12.864008175,77.434921793,695.9993,6.759901516092342,-1.662826076869437,223.4573646706829
2023-11-29 09:24:29,12.863921607,77.434858119,690.5048,11.844964891793921,5.085063375701579,215.64342243406762
2023-11-29 09:24:30,12.863851371,77.434791404,692.8913,10.644189846607407,-1.2007750451865142,222.80058660137695
2023-11-29 09:24:31,12.86375286,77.434723052,686.566,13.224644468195262,2.5804546215878545,214.07589021568631
2023-11-29 09:24:32,12.863655475,77.434653391,686.1793,13.201778940885587,-0.022865527309674505,214.89049314718548
2023-11-29 09:24:33,12.863559866,77.434582153,688.5875,13.140023006733442,-0.06175593415214564,215.99456381403846
2023-11-29 09:24:34,12.863465365,77.434521469,688.1957,12.397344600303962,-0.74267840642948,212.04805296713837
2023-11-29 09:24:35,12.863370792,77.434452702,687.8579,12.890256547364995,0.4929119470610335,215.3321868800724
2023-11-29 09:24:36,12.863277799,77.434383006,688.6245,12.806488981160124,-0.08376756620487136,216.1543690076077
2023-11-29 09:24:37,12.863180335,77.434301392,689.5235,13.990228097460918,1.183739116300794,219.2268784041193
2023-11-29 09:24:38,12.863081441,77.434236898,687.9196,13.030864997438021,-0.9593631000228964,212.44766960944256
2023-11-29 09:24:39,12.863006071,77.434174332,687.0282,10.781400336586614,-2.249464660851407,218.98277783805906
2023-11-29 09:24:40,12.862937996,77.434109433,689.7977,10.334158947507845,-0.4472413890787692,222.9050577194523
2023-11-29 09:24:41,12.862849168,77.434043037,689.7413,12.221513517717922,1.8873545702100767,216.08119605711374
2023-11-29 09:24:42,12.862771484,77.433973034,690.6294,11.497989020631286,-0.7235244970866361,221.2997063664004
2023-11-29 09:24:43,12.862664674,77.433900208,687.7622,14.261227866068213,2.763238845436927,213.6127072090409
2023-11-29 09:24:44,12.862557813,77.433826482,686.7721,14.32017475118499,0.058946885116776926,213.92525045488125
2023-11-29 09:24:45,12.862453506,77.433731868,686.8629,15.482926985580574,1.162752234395585,221.4867032289366
2023-11-29 09:24:46,12.862342155,77.433642772,686.8904,15.703214733752748,0.2202877481721739,217.95634530766074
2023-11-29 09:24:47,12.862215046,77.433546468,686.778,17.571461036240503,1.868246302487755,216.45099423019488
2023-11-29 09:24:48,12.862098796,77.433444667,688.2094,16.996449440045193,-0.57501159619531,220.48854557831888
2023-11-29 09:24:49,12.861978404,77.433350471,687.9778,16.836926015960923,-0.15952342408427,217.33564672566342
2023-11-29 09:24:50,12.861856455,77.433266504,686.8694,16.331901618978097,-0.5050243969828259,213.87212749630655
2023-11-29 09:24:51,12.861744572,77.433176331,687.0571,15.82177966231067,-0.5101219566674278,218.158019256345
